XLB,0.0
XLK,0.27115
RWR,0.0
XLI,0.0
XLY,0.0
XLP,0.33401
XLE,0.0
XLF,0.0
XLU,0.22491
XLV,0.16993
IYT,0.0
