XLB,0.0
XLK,0.26569
RWR,0.0
XLI,0.0
XLY,0.0
XLP,0.32729
XLE,0.0
XLF,0.0
XLU,0.22731
XLV,0.17971
IYT,0.0
