XLB,0.0
XLK,0.25895
RWR,0.0
XLI,0.0
XLY,0.0
XLP,0.34463
XLE,0.0
XLF,0.0
XLU,0.2185
XLV,0.17792
IYT,0.0
